"Time (s)","Latitude (째)","Longitude (째)","Height (m)","Velocity (m/s)","Direction (째)","Horizontal Accuracy (m)","Vertical Accuracy (째)"
2.802503109E-2,5.217538534E1,4.491554504E0,-9.300000000E-1,NaN,NaN,1.414000000E3,3.020598960E1
5.629503727E-2,5.217618272E1,4.490970725E0,-9.300000000E-1,NaN,NaN,1.414000000E3,3.022676810E1
1.372523499E1,5.217820485E1,4.494031352E0,-9.300000000E-1,NaN,NaN,1.414000000E3,3.024362573E1
1.372700906E1,5.217898050E1,4.495205361E0,-9.300000000E-1,NaN,NaN,1.414000000E3,3.024362573E1
1.862113190E1,5.217814390E1,4.496048419E0,-2.527072906E0,0.000000000E0,6.328125000E0,4.696288766E1,2.400000000E1
1.961584401E1,5.217882933E1,4.497019211E0,1.754604340E0,2.493000031E1,1.863281250E1,1.420696562E1,4.000000000E0
2.062099600E1,5.217896114E1,4.496741183E0,-7.186622620E-1,0.000000000E0,1.863281250E1,1.400000000E1,6.000000000E0
2.162072301E1,5.217915899E1,4.496882418E0,3.178977966E-1,2.493000031E1,1.546875000E1,1.400000000E1,4.000000000E0
2.262108111E1,5.217945441E1,4.497024240E0,-8.287086487E-1,2.675000000E1,1.933593750E1,1.400000000E1,6.000000000E0
2.362187195E1,5.217977896E1,4.497216102E0,-6.194980621E0,2.695000076E1,1.582031250E1,1.400000000E1,6.000000000E0
2.460165918E1,5.218007241E1,4.497354738E0,-8.348911285E0,2.795000076E1,1.406250000E1,1.400000000E1,8.000000000E0
2.560159242E1,5.218037730E1,4.497439228E0,-8.415683746E0,2.790999985E1,1.371093750E1,1.400000000E1,8.000000000E0
2.660153759E1,5.218065692E1,4.497539811E0,-9.039157867E0,2.790999985E1,1.335937500E1,1.400000000E1,6.000000000E0
2.760146797E1,5.218092883E1,4.497650787E0,-8.261386871E0,2.790999985E1,1.265625000E1,1.400000000E1,6.000000000E0
2.860139859E1,5.218118628E1,4.497743994E0,-8.392734528E0,2.745999908E1,1.195312500E1,1.400000000E1,6.000000000E0
2.960134399E1,5.218146230E1,4.497814653E0,-7.002964020E0,2.779999924E1,9.492187500E0,1.400000000E1,6.000000000E0
3.060127485E1,5.218172151E1,4.497855892E0,-6.415622711E0,2.745999908E1,8.085937500E0,1.400000000E1,6.000000000E0
3.160121608E1,5.218196583E1,4.497912361E0,-6.415563510E0,2.745999908E1,8.085982108E0,8.161166907E0,6.000000000E0
3.260117126E1,5.218221381E1,4.497945959E0,-6.268773872E0,2.747999954E1,6.679724417E0,8.884472573E0,6.000000000E0
3.360111189E1,5.218248241E1,4.497952388E0,-7.450353462E0,2.747999954E1,4.921902230E0,9.316038187E0,6.000000000E0
3.460105789E1,5.218278560E1,4.497984697E0,-7.371123596E0,2.888999939E1,4.218774546E0,8.989287961E0,6.000000000E0
3.560102332E1,5.218305436E1,4.498004744E0,-6.539153378E0,2.888999939E1,3.867210004E0,8.421345727E0,6.000000000E0
3.660098028E1,5.218333076E1,4.498057033E0,-6.595183653E0,2.888999939E1,4.218774546E0,8.132015531E0,6.000000000E0
3.760093379E1,5.218360518E1,4.498062892E0,-6.768948964E0,2.928000069E1,2.812516593E0,8.294591832E0,6.000000000E0
3.860090458E1,5.218386787E1,4.498079857E0,-7.588039095E0,2.963999939E1,2.460952200E0,8.240598790E0,6.000000000E0
3.960087597E1,5.218414079E1,4.498088612E0,-7.634549731E0,2.923999977E1,1.757822860E0,8.104485712E0,6.000000000E0
4.060084856E1,5.218446020E1,4.497975678E0,-7.605671885E0,3.097999954E1,3.578906118E2,7.957780677E0,6.000000000E0
4.160082400E1,5.218471995E1,4.497971557E0,-7.729331953E0,3.038999939E1,3.564843535E2,7.830482698E0,6.000000000E0
4.260080147E1,5.218500837E1,4.497936956E0,-7.019980169E0,3.063999939E1,3.554296593E2,7.117025013E0,6.000000000E0
4.360078025E1,5.218533253E1,4.497909863E0,-7.215048529E0,3.063999939E1,3.536718360E2,6.016251457E0,6.000000000E0
4.460076129E1,5.218560733E1,4.497857350E0,-6.199484035E0,3.075000000E1,3.529687065E2,5.721310097E0,6.000000000E0
4.560074341E1,5.218591700E1,4.497771802E0,-5.162671819E0,3.236999893E1,3.519140099E2,5.692064777E0,6.000000000E0
4.660072720E1,5.218622189E1,4.497694037E0,-4.147290962E0,3.236999893E1,3.508593156E2,5.538294334E0,6.000000000E0
4.760071242E1,5.218651634E1,4.497608918E0,-4.543408361E0,3.252000046E1,3.505077506E2,5.521962899E0,6.000000000E0
4.860069919E1,5.218681504E1,4.497517843E0,-4.507701207E0,3.283000183E1,3.501561852E2,5.203431968E0,6.000000000E0
4.960068631E1,5.218712724E1,4.497443712E0,-4.850839407E0,3.311000061E1,3.505077494E2,5.096637723E0,6.000000000E0
5.060067618E1,5.218742805E1,4.497363083E0,-5.383798392E0,3.311000061E1,3.501561846E2,5.452765490E0,6.000000000E0
5.160066521E1,5.218777308E1,4.497295034E0,1.159513745E0,3.328110173E1,3.497715231E2,1.393410061E1,3.000000000E0
5.260065591E1,5.218805339E1,4.497152998E0,1.151780246E0,3.305008915E1,3.483895792E2,1.422503792E1,3.000000000E0
5.360064828E1,5.218835830E1,4.497065724E0,1.863788077E0,3.332625329E1,3.481333497E2,1.391172299E1,3.000000000E0
5.460064065E1,5.218864643E1,4.496922086E0,1.843821422E0,3.343853676E1,3.477134078E2,1.279454758E1,3.000000000E0
5.560063434E1,5.218892803E1,4.496771723E0,2.448989009E0,3.346883441E1,3.474465469E2,1.173338919E1,3.000000000E0
5.660062873E1,5.218924860E1,4.496646144E0,2.115710841E0,3.390268483E1,3.475130561E2,1.185591743E1,3.000000000E0
5.760062385E1,5.218954977E1,4.496526226E0,2.452569430E0,3.401038581E1,3.473107672E2,1.245021402E1,3.000000000E0
5.860061920E1,5.218988494E1,4.496790386E0,1.844375122E0,3.404209418E1,3.478952942E2,2.433018828E1,3.000000000E0
5.960061586E1,5.219018128E1,4.496687513E0,2.095037231E0,3.417304793E1,3.479866028E2,2.419281633E1,3.000000000E0
6.060061204E1,5.219050741E1,4.496577533E0,2.320560778E0,3.468160946E1,3.479510803E2,2.444104906E1,3.000000000E0
6.160060966E1,5.219081329E1,4.496471596E0,2.066966019E0,3.465792012E1,3.480790100E2,2.400394219E1,3.000000000E0
6.260060787E1,5.219113812E1,4.496359987E0,2.229777287E0,3.499727530E1,3.480630798E2,2.366107428E1,3.000000000E0
6.360060561E1,5.219143670E1,4.496256377E0,2.164634684E0,3.489176424E1,3.474853516E2,2.463082298E1,3.000000000E0
6.460060537E1,5.219171225E1,4.496160822E0,2.375880157E0,3.504132449E1,3.582398071E2,2.452131514E1,3.000000000E0
6.560060453E1,5.219206262E1,4.496168205E0,2.453429687E0,3.501886368E1,3.484683838E2,3.247866696E1,3.000000000E0
6.660060430E1,5.219239681E1,4.496030809E0,2.616896117E0,3.532976025E1,3.432813416E2,3.351435360E1,3.000000000E0
6.760060406E1,5.219266868E1,4.495904230E0,6.433588313E-1,3.491988447E1,3.452992249E2,3.648513914E1,3.000000000E0
6.860060513E1,5.219294502E1,4.495797286E0,2.362366315E0,3.494619057E1,3.489644470E2,3.928398328E1,3.000000000E0
6.960060561E1,5.219325922E1,4.495696116E0,1.775379395E0,3.521453297E1,3.483063660E2,4.650791701E1,3.000000000E0
7.060060692E1,5.219358249E1,4.495585833E0,1.798621626E0,3.547677988E1,3.479543152E2,4.869345743E1,3.000000000E0
7.160060787E1,5.219388010E1,4.495481860E0,2.746336262E0,3.546253458E1,3.484412842E2,5.182103622E1,3.000000000E0
7.260061014E1,5.219409682E1,4.495441754E0,2.167456785E0,3.546444307E1,0.000000000E0,5.816459216E1,3.000000000E0
7.360061193E1,5.219433841E1,4.495446848E0,2.195121305E0,3.581452317E1,3.429392624E2,7.196699167E1,3.000000000E0
7.460061455E1,5.219497768E1,4.494543377E0,2.809091706E0,3.597308736E1,3.422573324E2,3.766527003E1,3.000000000E0
7.560061693E1,5.219503326E1,4.494014609E0,2.449152691E0,3.640897273E1,3.416478529E2,1.396588809E1,3.000000000E0
7.660061944E1,5.219538729E1,4.493869092E0,2.875032128E0,3.686636442E1,3.423396282E2,1.715004530E1,3.000000000E0
7.760062230E1,5.219571588E1,4.493722362E0,3.363181652E0,3.702292356E1,3.427938352E2,1.357856959E1,3.000000000E0
7.860062516E1,5.219605169E1,4.493583101E0,3.540015349E0,3.713005098E1,3.434375057E2,1.315756258E1,3.000000000E0
7.960062826E1,5.219638342E1,4.493458305E0,3.414816269E0,3.707602031E1,3.443250304E2,1.359645326E1,3.000000000E0
8.060063159E1,5.219670717E1,4.493383009E0,3.819044920E0,3.652345183E1,3.461396669E2,1.316450311E1,3.000000000E0
8.160063469E1,5.219705816E1,4.493306832E0,5.266524990E0,3.674286085E1,3.474482420E2,1.243965400E1,3.000000000E0
8.260063851E1,5.219746186E1,4.493288635E0,4.765842451E0,3.769841253E1,3.498808586E2,1.305013264E1,3.000000000E0
8.360064220E1,5.219780572E1,4.493240097E0,5.349659123E0,3.792431668E1,3.511960939E2,1.245253521E1,3.000000000E0
8.460064614E1,5.219814271E1,4.493202901E0,5.053275179E0,3.771669644E1,3.527341821E2,1.081504982E1,3.000000000E0
8.560065043E1,5.219847539E1,4.493139399E0,5.826053606E0,3.757242284E1,3.528873596E2,1.132908708E1,3.000000000E0
8.660065484E1,5.219882150E1,4.493099546E0,4.813716834E0,3.780406669E1,3.534714970E2,1.553898465E1,3.000000000E0
8.760065866E1,5.219917220E1,4.493067035E0,5.879052571E0,3.824178733E1,3.544318460E2,1.506747902E1,3.000000000E0
8.860066342E1,5.219951158E1,4.493071606E0,5.072770897E0,3.818323490E1,3.555671269E2,1.396218866E1,3.000000000E0
8.960066736E1,5.219982304E1,4.493154225E0,4.699015434E0,3.746780587E1,3.578468188E2,1.214094411E1,3.000000000E0
9.060067177E1,5.220015322E1,4.493176448E0,4.705598889E0,3.721450217E1,3.589095965E2,1.249209664E1,3.000000000E0
9.160067618E1,5.220050961E1,4.493336239E0,4.109202891E0,3.738486059E1,2.649751000E0,1.162918721E1,3.000000000E0
9.260068095E1,5.220085279E1,4.493375475E0,4.059926697E0,3.748894010E1,3.276723570E0,2.510989799E1,3.433122622E0
9.360068643E1,5.220119255E1,4.493435641E0,3.163093358E0,3.750888329E1,4.078472926E0,1.866624855E1,3.000000000E0
9.460069156E1,5.220151081E1,4.493475626E0,2.514009510E0,3.730833376E1,4.751348344E0,2.611655055E1,3.087819864E0
9.560069633E1,5.220184526E1,4.493530651E0,1.900161617E0,3.730323580E1,5.103545495E0,1.991390904E1,3.000000000E0
9.660070062E1,5.220219579E1,4.493628272E0,1.444345700E0,3.756707475E1,6.219759922E0,1.786959720E1,3.000000000E0
9.760070634E1,5.220253333E1,4.493829072E0,6.542516500E-1,3.768336953E1,9.031183623E0,1.678334417E1,3.000000000E0
9.860071111E1,5.220288144E1,4.494011689E0,1.620638194E0,3.812470624E1,1.136011770E1,1.716527157E1,3.000000000E0
9.960071599E1,5.220321749E1,4.494180700E0,-9.884972163E-1,3.843401221E1,1.293107577E1,1.723918499E1,3.000000000E0
1.006007208E2,5.220353544E1,4.494358863E0,-4.860383542E-1,3.843632075E1,1.422477134E1,1.791550324E1,3.000000000E0
1.016007259E2,5.220382932E1,4.494514898E0,-5.964070894E-1,3.800635033E1,1.497353088E1,1.701569806E1,3.000000000E0
1.026007313E2,5.220412589E1,4.494751979E0,-9.293654561E-1,3.765419162E1,1.692983400E1,1.532949896E1,3.000000000E0
1.036007369E2,5.220440443E1,4.494961836E0,-9.712828156E-1,3.732330615E1,1.834445614E1,1.372706808E1,3.000000000E0
1.046007420E2,5.220471770E1,4.495274668E0,-1.427548637E0,3.774523842E1,2.076138224E1,1.320351380E1,3.000000000E0
1.056007478E2,5.220504611E1,4.495559910E0,-8.160032090E-1,3.815396560E1,2.229318220E1,1.197710881E1,3.000000000E0
1.066007526E2,5.220534460E1,4.495822310E0,-2.930264603E-1,3.826763155E1,2.343312595E1,1.173573384E1,3.000000000E0
1.076007599E2,5.220562781E1,4.496120497E0,-7.138754167E-1,3.810155652E1,2.500017747E1,1.192924435E1,3.000000000E0
1.086007632E2,5.220593764E1,4.496381822E0,-3.892718805E-1,3.793092176E1,2.570728099E1,1.227962674E1,3.000000000E0
1.096007693E2,5.220623428E1,4.496646442E0,-6.046728222E-1,3.778077198E1,2.637955663E1,1.315046403E1,3.000000000E0
1.106007751E2,5.220653147E1,4.496947252E0,-6.919936938E-1,3.776751179E1,2.761752647E1,1.355758912E1,3.000000000E0
1.116007794E2,5.220679956E1,4.497314991E0,-4.335270161E-1,3.772610300E1,3.043465948E1,1.301110467E1,3.000000000E0
1.126007854E2,5.220708933E1,4.497725511E0,-6.426005578E-1,3.823629353E1,3.267807369E1,1.515247440E1,3.000000000E0
1.136007907E2,5.220735996E1,4.498161414E0,-8.171356339E-1,3.852555750E1,3.547959693E1,1.187070484E1,3.000000000E0
1.146007967E2,5.220762928E1,4.498497181E0,-3.295063376E-1,3.833169234E1,3.652582809E1,1.145546202E1,3.000000000E0
1.156008018E2,5.220789984E1,4.498848102E0,-1.134756487E-1,3.830014649E1,3.726479126E1,1.176441997E1,3.000000000E0
1.166008078E2,5.220789802E1,4.498920127E0,9.351989608E-1,3.808000183E1,4.183623112E1,2.273458526E1,4.000000001E0
1.176008130E2,5.220825009E1,4.499424544E0,1.442468983E0,4.813000107E1,4.183630861E1,2.307520149E1,4.000000002E0
1.186008188E2,5.220847385E1,4.499793212E0,1.779321997E0,4.813000107E1,4.359413366E1,2.308579744E1,6.000000001E0
1.196008245E2,5.220865728E1,4.500121573E0,2.054646364E0,3.834999847E1,4.464874906E1,2.341988936E1,6.000000001E0
1.206008304E2,5.220887097E1,4.500564214E0,1.214920563E0,3.765999985E1,4.710969397E1,2.305831293E1,6.000000001E0
1.216008356E2,5.220909568E1,4.500962010E0,1.255499364E0,3.600000000E1,4.781280837E1,2.307383047E1,6.000000001E0
1.226008418E2,5.220932267E1,4.501385822E0,2.482433616E0,3.697000122E1,4.851594518E1,2.324660919E1,6.000000001E0
1.236008476E2,5.220953446E1,4.501845436E0,2.194957269E0,3.684000015E1,5.027376506E1,2.314323290E1,6.000000001E0
1.246008523E2,5.220972429E1,4.502246626E0,1.938243396E0,3.684000015E1,5.168002164E1,2.309169559E1,6.000000001E0
1.256008581E2,5.220991932E1,4.502661810E0,1.719122274E0,3.597999954E1,5.308627007E1,2.315555728E1,6.000000001E0
1.266008638E2,5.221007471E1,4.503095527E0,2.251715040E0,3.597999954E1,5.519565405E1,2.321575548E1,6.000000001E0
1.276008695E2,5.221028853E1,4.503487416E0,1.431579003E0,3.477999878E1,5.343782296E1,2.377202952E1,6.000000001E0
1.286008751E2,5.221046804E1,4.503895511E0,1.719478221E0,3.411000061E1,5.378938068E1,2.395358198E1,6.000000001E0
1.296008812E2,5.221063441E1,4.504330114E0,1.423335315E0,3.404999924E1,5.554719960E1,2.411104712E1,6.000000001E0
1.306008866E2,5.221080203E1,4.504758854E0,1.065242049E0,3.404999924E1,5.660189115E1,2.411282108E1,6.000000001E0
1.316008929E2,5.221096388E1,4.505172858E0,1.206107860E0,3.341999817E1,5.730501266E1,2.391063549E1,6.000000001E0
1.326008984E2,5.221111942E1,4.505576383E0,4.532962078E-1,3.263999939E1,5.765656882E1,2.376395252E1,6.000000001E0
1.336009041E2,5.221126751E1,4.505957432E0,2.205645237E-1,3.171999931E1,5.730499612E1,2.389115650E1,6.000000001E0
1.346009096E2,5.221143553E1,4.506335038E0,1.927057747E-2,3.171999931E1,5.730499612E1,2.398265288E1,6.000000001E0
1.356009157E2,5.221160838E1,4.506735702E0,-4.250050671E-1,3.156999969E1,5.660186722E1,2.377125614E1,6.000000001E0
1.366009210E2,5.221181981E1,4.507196976E0,1.631432864E0,3.093770888E1,5.751386502E1,1.874533105E1,3.000000000E0
1.376009271E2,5.221195579E1,4.507582103E0,1.384733677E0,3.033857835E1,5.780149403E1,1.774662947E1,3.000000000E0
1.386009326E2,5.221208906E1,4.507962371E0,1.015908852E0,2.975753533E1,5.786952859E1,1.730814260E1,3.000000000E0
1.396009384E2,5.221223605E1,4.508302594E0,7.465347974E-1,2.903631738E1,5.723002060E1,1.728294378E1,3.000000000E0
1.406009439E2,5.221237398E1,4.508660767E0,7.076730384E-1,2.901562725E1,5.732227775E1,1.870077996E1,3.000000000E0
1.416009500E2,5.221250649E1,4.509012281E0,6.491020359E-1,2.871253610E1,5.767845456E1,1.952966314E1,3.000000000E0
1.426009552E2,5.221263207E1,4.509309232E0,7.503845003E-1,2.745082888E1,5.668098026E1,2.025225436E1,3.000000000E0
1.436009616E2,5.221273889E1,4.509627445E0,9.073125478E-1,2.684074204E1,5.717425938E1,2.066446108E1,3.000000000E0
1.446009667E2,5.221283904E1,4.509915455E0,9.473387683E-1,2.610305481E1,5.777769806E1,2.014086253E1,3.000000000E0
1.456009730E2,5.221296783E1,4.510244120E0,6.570809921E-1,2.601732922E1,5.803638264E1,1.983253064E1,3.000000000E0
1.466009781E2,5.221306706E1,4.510529976E0,9.751225803E-1,2.523760283E1,5.814343397E1,2.072611193E1,3.000000000E0
1.476009845E2,5.221317677E1,4.510847038E0,1.225599870E0,2.514333943E1,5.852840681E1,2.287550749E1,3.000000000E0
1.486009907E2,5.221323523E1,4.511146522E0,6.799462745E-1,2.405213782E1,5.855996630E1,2.018241755E1,3.000000000E0
1.496009966E2,5.221338817E1,4.511422947E0,9.188140519E-1,2.410263213E1,5.693412929E1,1.930413512E1,3.000000000E0
1.506002480E2,5.221346010E1,4.511640466E0,1.155874107E0,2.264237168E1,5.792768575E1,1.802768158E1,3.000000000E0
1.516002514E2,5.221352245E1,4.511818974E0,1.187002310E0,2.158872078E1,5.859736338E1,1.339732496E1,3.000000000E0
1.526002634E2,5.221359967E1,4.512018853E0,1.530137390E0,2.072002446E1,5.984296082E1,9.468382283E0,3.000000000E0
1.536002671E2,5.221368637E1,4.512283268E0,1.908267215E0,2.012306015E1,5.954333129E1,7.454789690E0,3.000000000E0
1.546002728E2,5.221375621E1,4.512518155E0,2.015335944E0,1.953073895E1,6.028762120E1,6.585018618E0,3.000000000E0
1.556002851E2,5.221384039E1,4.512758081E0,2.003361445E0,1.905024953E1,6.063001762E1,6.626565140E0,3.000000000E0
1.566002933E2,5.221392486E1,4.512989546E0,2.051518076E0,1.886173272E1,6.012706405E1,7.217309315E0,3.000000000E0
1.576002949E2,5.221400469E1,4.513217322E0,2.184509485E0,1.856059493E1,5.962488692E1,8.303385525E0,3.000000000E0
1.586003046E2,5.221407729E1,4.513448514E0,2.218180966E0,1.821269190E1,6.073859509E1,8.990631511E0,3.000000000E0
1.596003095E2,5.221414923E1,4.513673302E0,2.320797457E0,1.797839586E1,6.126211931E1,1.044196815E1,3.000000000E0
1.606003147E2,5.221421146E1,4.513870049E0,2.389763321E0,1.712148133E1,6.139260125E1,1.179969269E1,3.000000000E0
1.616003249E2,5.221428121E1,4.514043629E0,2.132548939E0,1.637527758E1,6.058055225E1,1.190288828E1,3.000000000E0
1.626003311E2,5.221433441E1,4.514220142E0,1.883042257E0,1.568249559E1,6.110871844E1,1.381039958E1,3.000000000E0
1.636003343E2,5.221439080E1,4.514382559E0,2.016270622E0,1.519052013E1,6.047812830E1,1.210294841E1,3.000000000E0
1.656003566E2,5.221449415E1,4.514650398E0,2.044641359E0,1.342507302E1,6.053264933E1,1.177009425E1,3.000000000E0
1.666003685E2,5.221452548E1,4.514794596E0,2.095467145E0,1.273940990E1,6.328157930E1,1.192373792E1,3.000000000E0
1.676003805E2,5.221457066E1,4.514942695E0,2.040460431E0,1.237012003E1,6.321042403E1,1.245453705E1,3.000000000E0
1.686003916E2,5.221462050E1,4.515115539E0,1.984446581E0,1.239480701E1,6.501000407E1,1.210118300E1,3.000000000E0
1.696004030E2,5.221466363E1,4.515212571E0,1.961199548E0,1.179144069E1,6.328986960E1,1.138552648E1,3.000000000E0
1.706004143E2,5.221469368E1,4.515406196E0,1.519920100E0,1.164815440E1,6.458471788E1,1.090228644E1,3.000000000E0
1.716004237E2,5.221475040E1,4.515560469E0,1.315800252E0,1.152392857E1,6.377723141E1,1.065083834E1,3.000000000E0
1.726004342E2,5.221478443E1,4.515707830E0,1.414395163E0,1.145762740E1,6.355484352E1,1.077231516E1,3.000000000E0
1.736004435E2,5.221479698E1,4.515814885E0,1.427603960E0,1.058326602E1,6.779643846E1,1.072177086E1,3.000000000E0
1.746004540E2,5.221483732E1,4.515903389E0,1.897189234E0,1.007492862E1,6.537785456E1,1.071439585E1,3.000000000E0
1.756004632E2,5.221488444E1,4.516038067E0,2.023753118E0,1.012142302E1,6.479402140E1,1.023008534E1,3.000000000E0
1.766004721E2,5.221492305E1,4.516159797E0,2.279958270E0,9.461926892E0,6.416996570E1,9.690427376E0,3.000000000E0
1.776004810E2,5.221495103E1,4.516273401E0,2.097243800E0,9.034488983E0,6.475735246E1,9.426385737E0,3.000000000E0
1.786004902E2,5.221498956E1,4.516397683E0,2.138705774E0,8.908797551E0,6.425411537E1,9.358787964E0,3.000000000E0
1.796004988E2,5.221501253E1,4.516486204E0,2.173607764E0,7.985190546E0,6.380818275E1,9.087360784E0,3.000000000E0
1.806005069E2,5.221503759E1,4.516576816E0,2.232199476E0,7.460255995E0,6.414909897E1,9.260715063E0,3.000000000E0
1.816005157E2,5.221504169E1,4.516637474E0,2.186663298E0,6.333820139E0,6.342678574E1,8.895510671E0,3.000000000E0
1.826005239E2,5.221507119E1,4.516685869E0,1.978548589E0,5.751470659E0,6.184396965E1,9.040882962E0,3.000000000E0
1.836005317E2,5.221509900E1,4.516753350E0,1.851197856E0,4.638593346E0,6.131537123E1,8.496205404E0,3.000000000E0
1.846005393E2,5.221509686E1,4.516742353E0,1.378764398E0,3.222888710E0,6.103729804E1,8.133594063E0,3.000000000E0
1.856005467E2,5.221509734E1,4.516732420E0,5.222889353E-1,2.458929790E0,6.238302465E1,7.997458452E0,3.000000000E0
1.866005546E2,5.221509804E1,4.516744460E0,1.208838695E0,2.045841921E0,6.331015431E1,8.384226886E0,3.000000000E0
1.876005626E2,5.221509907E1,4.516731630E0,1.567243161E0,1.495562703E0,5.615336181E1,8.949465065E0,3.000000000E0
1.886005697E2,5.221510614E1,4.516758337E0,9.634037605E-1,1.236901432E0,6.323335055E1,8.962946517E0,3.000000000E0
1.896005771E2,5.221511301E1,4.516751765E0,2.912528040E-1,1.018410177E0,NaN,9.341931492E0,3.000000000E0
1.906005898E2,5.221511917E1,4.516754282E0,5.185025129E-1,5.981169993E-1,NaN,9.483040742E0,3.000000000E0
1.916005908E2,5.221512801E1,4.516755445E0,5.034077968E-1,5.265426576E-1,NaN,9.327209149E0,3.000000000E0
1.926005991E2,5.221512442E1,4.516724092E0,5.212007966E-1,2.513164163E-1,NaN,9.059969713E0,3.000000000E0
1.936006058E2,5.221512442E1,4.516730420E0,8.959936090E-1,1.144046967E-1,NaN,9.308604871E0,3.000000000E0
1.946006128E2,5.221512423E1,4.516730394E0,9.031871064E-1,0.000000000E0,NaN,9.212822164E0,3.000000000E0
1.956006250E2,5.221512423E1,4.516730394E0,9.031871064E-1,0.000000000E0,NaN,8.641233948E0,3.000000000E0
1.966006266E2,5.221512423E1,4.516730394E0,9.031871064E-1,0.000000000E0,NaN,7.660405109E0,3.000000000E0
1.976006333E2,5.221512423E1,4.516730394E0,9.031871064E-1,0.000000000E0,NaN,6.772731463E0,3.000000000E0
1.986006404E2,5.221512423E1,4.516730394E0,9.031871064E-1,0.000000000E0,NaN,6.539674031E0,3.000000000E0
1.996006467E2,5.221512423E1,4.516730394E0,9.031871064E-1,0.000000000E0,NaN,6.367158048E0,3.000000000E0
2.006006538E2,5.221512423E1,4.516730394E0,9.031871064E-1,0.000000000E0,NaN,6.348402832E0,3.000000000E0
2.016006603E2,5.221512423E1,4.516730394E0,9.031871064E-1,0.000000000E0,NaN,6.639409335E0,3.000000000E0
2.026006721E2,5.221512423E1,4.516730394E0,9.031871064E-1,0.000000000E0,NaN,6.788700688E0,3.000000000E0
2.036006736E2,5.221512423E1,4.516730394E0,9.031871064E-1,0.000000000E0,NaN,6.811211352E0,3.000000000E0
2.046006799E2,5.221512423E1,4.516730394E0,9.031871064E-1,0.000000000E0,NaN,6.973713312E0,3.000000000E0
2.056006866E2,5.221512423E1,4.516730394E0,9.031871064E-1,0.000000000E0,NaN,6.954031739E0,3.000000000E0
2.066006927E2,5.221512423E1,4.516730394E0,9.031871064E-1,0.000000000E0,NaN,7.336615698E0,3.000000000E0
2.076006989E2,5.221512423E1,4.516730394E0,9.031871064E-1,0.000000000E0,NaN,7.147422821E0,3.000000000E0
2.086007054E2,5.221512423E1,4.516730394E0,9.031871064E-1,0.000000000E0,NaN,6.928417515E0,3.000000000E0
2.096007127E2,5.221512423E1,4.516730394E0,9.031871064E-1,0.000000000E0,NaN,6.681996639E0,3.000000000E0
2.106007189E2,5.221512423E1,4.516730394E0,9.031871064E-1,0.000000000E0,NaN,6.649640379E0,3.000000000E0
2.116007249E2,5.221512423E1,4.516730394E0,9.031871064E-1,0.000000000E0,NaN,6.884149168E0,3.000000000E0
2.126007309E2,5.221512423E1,4.516730394E0,9.031871064E-1,0.000000000E0,NaN,6.870960298E0,3.000000000E0
2.136007382E2,5.221512423E1,4.516730394E0,9.031871064E-1,0.000000000E0,NaN,6.805230874E0,3.000000000E0
2.146007439E2,5.221512423E1,4.516730394E0,9.031871064E-1,0.000000000E0,NaN,6.587739025E0,3.000000000E0
2.156007503E2,5.221512423E1,4.516730394E0,9.031871064E-1,0.000000000E0,NaN,6.767164077E0,3.000000000E0
2.166007564E2,5.221512423E1,4.516730394E0,9.031871064E-1,0.000000000E0,NaN,6.744887900E0,3.000000000E0
2.176007624E2,5.221512423E1,4.516730394E0,9.031871064E-1,0.000000000E0,NaN,6.627229925E0,3.000000000E0
2.186007686E2,5.221512423E1,4.516730394E0,9.031871064E-1,0.000000000E0,NaN,6.616125444E0,3.000000000E0
2.196007754E2,5.221512423E1,4.516730394E0,9.031871064E-1,0.000000000E0,NaN,6.675549634E0,3.000000000E0
2.206007812E2,5.221512423E1,4.516730394E0,9.031871064E-1,0.000000000E0,NaN,7.051675201E0,3.000000000E0
2.216007869E2,5.221512423E1,4.516730394E0,9.031871064E-1,0.000000000E0,NaN,7.423188616E0,3.000000000E0
2.226007941E2,5.221512423E1,4.516730394E0,9.031871064E-1,0.000000000E0,NaN,7.352419674E0,3.000000000E0
2.236007991E2,5.221512423E1,4.516730394E0,9.031871064E-1,0.000000000E0,NaN,7.084798690E0,3.000000000E0
2.246008060E2,5.221512423E1,4.516730394E0,9.031871064E-1,0.000000000E0,NaN,6.909365140E0,3.000000000E0
2.256008123E2,5.221512423E1,4.516730394E0,9.031871064E-1,0.000000000E0,NaN,6.683157345E0,3.000000000E0
2.266008179E2,5.221512423E1,4.516730394E0,9.031871064E-1,0.000000000E0,NaN,6.831571388E0,3.000000000E0
2.276008242E2,5.221512423E1,4.516730394E0,9.031871064E-1,0.000000000E0,NaN,6.834645148E0,3.000000000E0
2.286008306E2,5.221512423E1,4.516730394E0,9.031871064E-1,0.000000000E0,NaN,6.638706442E0,3.000000000E0
2.296008363E2,5.221507753E1,4.516718131E0,1.226718421E0,9.488694422E-2,NaN,6.615117927E0,3.000000000E0
2.306008425E2,5.221507758E1,4.516719050E0,1.189207024E0,0.000000000E0,NaN,6.418016492E0,3.000000000E0
2.316008490E2,5.221507909E1,4.516728525E0,1.033089056E0,3.071779448E-1,NaN,6.197115667E0,3.000000000E0
2.326008548E2,5.221508190E1,4.516738232E0,1.982437198E0,6.134372947E-1,7.430230630E1,6.845731924E0,3.000000000E0
2.336008606E2,5.221508131E1,4.516734797E0,1.741731519E0,0.000000000E0,7.464118587E1,6.807343076E0,3.000000000E0
2.346008672E2,5.221508131E1,4.516734797E0,1.741731519E0,0.000000000E0,7.464118587E1,6.732903137E0,3.000000000E0
2.356008729E2,5.221508787E1,4.516799045E0,-3.222827362E-1,1.368170318E0,7.860167017E1,6.864319795E0,3.000000000E0
2.366008791E2,5.221509270E1,4.516836537E0,-8.578961464E-1,1.759122576E0,7.832215501E1,6.757475657E0,3.000000000E0
2.376008849E2,5.221510047E1,4.516904936E0,-1.062276706E0,2.580797023E0,7.838857056E1,6.610160425E0,3.000000000E0
2.386008909E2,5.221511799E1,4.516965766E0,-1.091380496E0,3.234365811E0,7.608600596E1,6.784326613E0,3.000000000E0
2.396008966E2,5.221513011E1,4.517027085E0,-1.035739061E0,3.576837130E0,7.547090373E1,7.050627433E0,3.000000000E0
2.406009036E2,5.221515468E1,4.517128625E0,-4.162016651E-1,4.581940895E0,7.438586592E1,7.037514030E0,3.000000000E0
2.416009096E2,5.221518334E1,4.517215275E0,-1.274700118E-1,5.163446698E0,7.239822404E1,7.030493079E0,3.000000000E0
2.426009158E2,5.221520115E1,4.517305548E0,1.474565938E-1,5.652748253E0,7.232539609E1,7.429109219E0,3.000000000E0
2.436009215E2,5.221523653E1,4.517431601E0,-7.780205552E-2,6.485085141E0,7.129596519E1,7.938446869E0,3.000000000E0
2.446009276E2,5.221525574E1,4.517535514E0,2.297337046E-1,6.876605484E0,7.149184072E1,8.517754692E0,3.000000000E0
2.456009333E2,5.221531502E1,4.517706521E0,4.175734660E-1,8.236015497E0,7.000304305E1,8.450130887E0,3.000000000E0
2.466009399E2,5.221534910E1,4.517851409E0,1.090897622E0,8.890411836E0,7.019237408E1,9.352118492E0,3.000000000E0
2.476009451E2,5.221538911E1,4.518010641E0,7.127624936E-1,9.638394478E0,6.984083202E1,9.289491085E0,3.000000000E0
2.486009514E2,5.221544134E1,4.518192121E0,1.103231831E0,1.048131270E1,6.931163118E1,1.001370104E1,3.000000000E0
2.496009578E2,5.221548941E1,4.518335326E0,1.191923743E0,1.069160217E1,6.841702411E1,1.130700037E1,3.000000000E0
2.506009641E2,5.221554998E1,4.518530899E0,1.362874128E0,1.142247359E1,6.779415898E1,1.324850414E1,3.000000000E0
2.516009699E2,5.221561834E1,4.518745557E0,1.730989067E0,1.220709575E1,6.698156212E1,1.476611028E1,3.000000000E0
2.526009752E2,5.221569415E1,4.518951251E0,1.287306497E0,1.284682170E1,6.534215517E1,1.375849685E1,3.000000000E0
2.536009816E2,5.221575578E1,4.519158786E0,9.932932146E-1,1.329179984E1,6.526628314E1,1.305529184E1,3.000000000E0
2.546009879E2,5.221580171E1,4.519394519E0,1.834640806E0,1.405633762E1,6.603651006E1,1.314243053E1,3.000000000E0
2.556009934E2,5.221586385E1,4.519712318E0,1.464733334E0,1.553961016E1,6.788937294E1,1.247712290E1,3.000000000E0
2.566010002E2,5.221593700E1,4.520024051E0,1.602806557E0,1.663923679E1,6.846056010E1,1.108981517E1,3.000000000E0
2.576010063E2,5.221598768E1,4.520340519E0,1.638152670E0,1.743453140E1,6.974535356E1,1.383176530E1,3.000000000E0
2.586010116E2,5.221604816E1,4.520621181E0,7.773358375E-1,1.811718606E1,6.931255560E1,1.148884790E1,3.000000000E0
2.596010176E2,5.221611306E1,4.520890498E0,1.045497999E0,1.855557406E1,6.900203554E1,1.338387070E1,3.000000000E0
2.606010234E2,5.221615843E1,4.521145122E0,1.125536748E0,1.868203710E1,6.948196677E1,1.059036015E1,3.000000000E0
2.616010300E2,5.221622443E1,4.521433269E0,7.716135345E-1,1.908298081E1,6.966999921E1,1.662223080E1,3.000000000E0
2.626010358E2,5.221629658E1,4.521728658E0,1.050263644E0,1.950155744E1,6.954807036E1,1.239296463E1,3.000000000E0
2.636010414E2,5.221635999E1,4.522006756E0,1.034805256E0,1.980810152E1,6.969591935E1,1.116249705E1,3.000000000E0
2.646010473E2,5.221642763E1,4.522305979E0,1.272342490E0,2.025141443E1,7.007984647E1,1.140520175E1,3.000000000E0
2.656010542E2,5.221648727E1,4.522605407E0,1.246634189E0,2.052588231E1,7.087474182E1,1.248664004E1,3.000000000E0
2.666010600E2,5.221655455E1,4.522914950E0,9.790639868E-1,2.082907142E1,7.104431717E1,1.311274349E1,3.000000000E0
2.676010658E2,5.221663782E1,4.523204425E0,1.110435448E0,2.122012741E1,7.069388326E1,1.304958751E1,3.000000000E0
2.686010722E2,5.221671851E1,4.523566229E0,1.082325505E0,2.193090504E1,7.092018536E1,1.294666350E1,3.000000000E0
2.696010784E2,5.221678523E1,4.523883012E0,1.161892559E0,2.220549349E1,7.143071476E1,1.320493041E1,3.000000000E0
2.706010836E2,5.221685652E1,4.524235563E0,8.341039540E-1,2.281387303E1,7.176248603E1,1.320585382E1,3.000000000E0
2.716010900E2,5.221692379E1,4.524586638E0,1.846385395E0,2.319436175E1,7.196058626E1,1.320850827E1,3.000000000E0
2.726010962E2,5.221701022E1,4.524951497E0,1.638184940E0,2.349218485E1,7.147591497E1,1.393731677E1,3.000000000E0
2.736011021E2,5.221708133E1,4.525285935E0,8.736864524E-1,2.358892852E1,7.150983883E1,1.445000116E1,3.000000000E0
2.746011084E2,5.221715318E1,4.525631289E0,3.969077365E-1,2.374612393E1,7.151674841E1,1.584746996E1,3.000000000E0
2.756011143E2,5.221722354E1,4.526073852E0,1.409042822E0,2.471801031E1,7.229800142E1,1.547004764E1,3.000000000E0
2.766005434E2,5.221730188E1,4.526516932E0,1.082899352E0,2.574878371E1,7.254487605E1,1.464877855E1,3.000000000E0
2.776005393E2,5.221723105E1,4.527000398E0,1.319439644E0,2.623125238E1,7.226486206E1,1.473928240E1,3.000000000E0
2.786005446E2,5.221730154E1,4.527366884E0,1.294695987E0,2.639868075E1,7.294879150E1,1.518535085E1,3.000000000E0
2.796005410E2,5.221737551E1,4.527759519E0,1.243865374E0,2.659365834E1,7.294879150E1,1.506333660E1,3.000000000E0
2.806005377E2,5.221745468E1,4.528159430E0,1.247412445E0,2.679166613E1,7.098187256E1,1.468723915E1,3.000000000E0
2.816005393E2,5.221754051E1,4.528559864E0,1.296863880E0,2.716244518E1,7.089804077E1,1.443693198E1,3.000000000E0
2.826005319E2,5.221760557E1,4.528916663E0,1.048181917E0,2.751932148E1,7.771035004E1,2.310009558E1,3.000000000E0
2.836005245E2,5.221763389E1,4.529318840E0,1.562528826E0,2.799603152E1,8.444854736E1,3.136247838E1,3.000000000E0
2.846005261E2,5.221768607E1,4.530085775E0,8.685279163E-1,2.811291732E1,4.948353958E1,4.497095989E1,3.000000000E0
2.856005214E2,5.221776104E1,4.530255169E0,1.070027949E0,2.822305394E1,6.825196075E1,3.594264801E1,3.000000000E0
2.866005187E2,5.221784075E1,4.530610995E0,6.191034177E-1,2.828193535E1,7.231878662E1,3.724700743E1,3.000000000E0
2.876005210E2,5.221792534E1,4.531036278E0,5.488969581E-1,2.849080506E1,7.118349457E1,3.675735664E1,3.000000000E0
2.886005166E2,5.221800877E1,4.531450461E0,5.356443049E-1,2.875769582E1,7.232125092E1,3.694958895E1,3.000000000E0
2.896005050E2,5.221808222E1,4.531827672E0,-4.647836089E-3,2.867965935E1,7.259561920E1,3.387954849E1,3.000000000E0
2.906005007E2,5.221819293E1,4.532395838E0,-1.037346069E-1,3.000454570E1,7.164012146E1,3.279093157E1,3.000000000E0
2.916004997E2,5.221827807E1,4.532817445E0,-9.541611373E-2,3.011452496E1,7.221190643E1,3.335565653E1,3.000000000E0
2.926004993E2,5.221836311E1,4.533253395E0,-3.267136635E-1,3.023431424E1,7.240262604E1,3.242429002E1,3.000000000E0
2.936004977E2,5.221845473E1,4.533722067E0,-5.553493751E-1,3.069938513E1,7.168159485E1,3.275329802E1,3.000000000E0
2.946004972E2,5.221853576E1,4.534123283E0,-9.924094453E-1,3.083879716E1,7.216433716E1,3.135922841E1,3.000000000E0
2.956004982E2,5.221862271E1,4.534563420E0,-5.366567960E-1,3.095292972E1,7.225794220E1,3.113005820E1,3.000000000E0
2.966004987E2,5.221871328E1,4.535024276E0,3.114659945E-1,3.127584229E1,7.225794220E1,3.113290189E1,3.000000000E0
2.976004984E2,5.221880652E1,4.535491887E0,8.807495730E-1,3.150679672E1,7.172173309E1,3.157817758E1,3.000000000E0
2.986005001E2,5.221890420E1,4.535978386E0,-2.913979087E-1,3.191304328E1,7.221483612E1,3.167173596E1,3.000000000E0
2.996005011E2,5.221899077E1,4.536425165E0,-4.238995453E-1,3.197171334E1,7.274452972E1,3.190862632E1,3.000000000E0
3.006005024E2,5.221907860E1,4.536885479E0,6.722652819E-1,3.221828164E1,7.274452972E1,3.250442312E1,3.000000000E0
3.016005049E2,5.221901558E1,4.536555209E0,4.719137400E-1,3.300000000E1,7.274452972E1,3.737141230E1,4.000000001E0
3.026005076E2,5.221905116E1,4.536741665E0,-1.816228842E0,3.384000015E1,7.274452972E1,2.319151038E1,6.000000001E0
3.036005093E2,5.221918494E1,4.537424823E0,-2.697947906E0,4.311000061E1,7.148151398E1,4.059656060E1,6.000000001E0
3.046005127E2,5.221925496E1,4.537768421E0,-3.362977486E0,3.463999939E1,7.251727295E1,2.323981771E1,6.000000001E0
3.056005156E2,5.221936571E1,4.538338874E0,-3.196104309E0,3.520000076E1,7.205564117E1,2.318290548E1,6.000000001E0
3.066005185E2,5.221946638E1,4.538846806E0,-3.550171277E0,3.483000183E1,7.193884277E1,2.339493333E1,6.000000001E0
3.076005216E2,5.221956902E1,4.539371495E0,-3.413751723E0,3.590999985E1,7.241602325E1,2.377723016E1,6.000000001E0
3.086005245E2,5.221966280E1,4.539854975E0,-2.988586805E0,3.483000183E1,7.198058319E1,2.372587666E1,6.000000001E0
3.096005281E2,5.221978066E1,4.540427932E0,-2.532831538E0,3.586999893E1,6.999635315E1,2.394981608E1,6.000000001E0
3.106005317E2,5.221992428E1,4.540978539E0,-3.209407029E0,3.572999954E1,6.627086639E1,2.380371143E1,6.000000001E0
3.116005348E2,5.222005131E1,4.541461436E0,-3.212763961E0,3.572999954E1,6.688580322E1,2.409450561E1,6.000000001E0
3.126005391E2,5.222017543E1,4.541934912E0,-2.931027240E0,3.545000076E1,6.688580322E1,2.461902002E1,6.000000001E0
3.136005425E2,5.222032292E1,4.542458045E0,-2.230892959E0,3.545000076E1,6.688580322E1,2.517080061E1,6.000000001E0
3.146005476E2,5.222064326E1,4.542932136E0,-2.780139193E0,3.706000137E1,7.031290356E1,2.501270256E1,6.000000001E0
3.156005515E2,5.222073013E1,4.543461294E0,-3.350695837E0,3.706000137E1,7.136759365E1,2.506125751E1,6.000000001E0
3.166005555E2,5.222082501E1,4.544025873E0,-4.060292182E0,3.677999878E1,7.136759058E1,2.484646383E1,6.000000001E0
3.176005597E2,5.222093441E1,4.544555684E0,-3.874625696E0,3.634999847E1,7.136758587E1,2.434794961E1,6.000000001E0
3.186005645E2,5.222104377E1,4.545138400E0,-2.322747624E0,3.602999878E1,7.031289234E1,2.412930264E1,6.000000001E0
3.196005689E2,5.222117468E1,4.545659503E0,-1.318292054E0,3.602999878E1,6.925820220E1,2.358852437E1,6.000000001E0
3.206005734E2,5.222130728E1,4.546157873E0,-7.272905940E-1,3.568000030E1,6.679725428E1,2.303971040E1,6.000000001E0
3.216005783E2,5.222141791E1,4.546893328E0,3.507764818E0,3.548774136E1,6.850473625E1,1.751068242E1,3.000000000E0
3.226005830E2,5.222153918E1,4.547376833E0,3.842083592E0,3.535899944E1,6.840290304E1,1.820167600E1,3.000000000E0
3.236005875E2,5.222165180E1,4.547854192E0,3.492923910E0,3.509548981E1,6.858359743E1,1.778198161E1,3.000000000E0
3.246005929E2,5.222178814E1,4.548352375E0,3.956850743E0,3.508200804E1,6.793948186E1,1.876689687E1,3.000000000E0
3.256005975E2,5.222192512E1,4.548799759E0,3.719147486E0,3.501103247E1,6.739947645E1,2.062163105E1,3.000000000E0
3.266006029E2,5.222205853E1,4.549293500E0,3.800562548E0,3.548382717E1,6.702568431E1,2.246999492E1,3.000000000E0
3.276006075E2,5.222221942E1,4.549797423E0,4.070210733E0,3.593474358E1,6.536873306E1,2.151358799E1,3.000000000E0
3.286006128E2,5.222238511E1,4.550171250E0,4.150122901E0,3.493309272E1,6.318251132E1,1.955797448E1,3.000000000E0
3.296006181E2,5.222254888E1,4.550572872E0,4.071495566E0,3.471354839E1,6.214215538E1,1.827605605E1,3.000000000E0
3.306006236E2,5.222272606E1,4.551017116E0,4.205958604E0,3.477028036E1,6.161894088E1,1.772202247E1,3.000000000E0
3.316006279E2,5.222289298E1,4.551440663E0,4.794502976E0,3.442242067E1,6.135160011E1,1.755310917E1,3.000000000E0
3.326006336E2,5.222305602E1,4.551865073E0,4.261107423E0,3.434401800E1,6.039390459E1,1.783257181E1,3.000000000E0
3.336006387E2,5.222321805E1,4.552296766E0,4.065169722E0,3.379378912E1,6.020283901E1,1.586786029E1,3.000000000E0
3.346006441E2,5.222336333E1,4.552750883E0,4.636806898E0,3.348361938E1,6.024066835E1,1.508273049E1,3.000000000E0
3.356006497E2,5.222350185E1,4.553167412E0,4.454567500E0,3.280158915E1,6.048441627E1,1.298916531E1,3.000000000E0
3.366006544E2,5.222364076E1,4.553586255E0,4.021131948E0,3.245279873E1,6.074772966E1,1.189036380E1,3.000000000E0
3.376006593E2,5.222377389E1,4.553990529E0,3.287889841E0,3.214858315E1,6.088208505E1,1.163470987E1,3.000000000E0
3.386006655E2,5.222392313E1,4.554384914E0,3.854863440E0,3.191430836E1,6.035924058E1,1.228259334E1,3.000000000E0
3.396006708E2,5.222405989E1,4.554761972E0,3.199813182E0,3.133108669E1,6.061913338E1,1.209085529E1,3.000000000E0
3.406006759E2,5.222418738E1,4.555186467E0,2.720177579E0,3.130583646E1,6.094202933E1,1.207058730E1,3.000000000E0
3.416006823E2,5.222430100E1,4.555555046E0,3.035378486E0,3.079337810E1,6.096296118E1,1.139042322E1,3.000000000E0
3.426006868E2,5.222444553E1,4.555921000E0,2.584362520E0,3.042337331E1,6.056447277E1,1.120427880E1,3.000000000E0
3.436006932E2,5.222457327E1,4.556320318E0,1.937455188E0,3.045561359E1,6.093890737E1,1.117332493E1,3.000000000E0
3.446006978E2,5.222470221E1,4.556712541E0,1.671068049E0,3.051600569E1,6.115869815E1,1.078774822E1,3.000000000E0
3.456007040E2,5.222483904E1,4.557083547E0,1.423973040E0,3.055946293E1,6.128490239E1,1.055316758E1,3.000000000E0
3.466007090E2,5.222496728E1,4.557504919E0,1.106367511E0,3.094483035E1,6.191199296E1,1.100423110E1,3.000000000E0
3.476007149E2,5.222510071E1,4.557904783E0,6.209190441E-1,3.137308634E1,6.247292618E1,1.106360794E1,3.000000000E0
3.486007205E2,5.222524673E1,4.558327378E0,-1.241241237E-1,3.146390206E1,6.216266219E1,1.275778380E1,3.000000000E0
3.496007260E2,5.222535350E1,4.558760619E0,-3.560788641E-1,3.167820384E1,6.340381756E1,1.119026716E1,3.000000000E0
3.506007313E2,5.222545869E1,4.559233368E0,-5.103967367E-1,3.215948401E1,6.480143963E1,1.085178489E1,3.000000000E0
3.516007372E2,5.222554718E1,4.559669611E0,-1.083529179E0,3.229297758E1,6.630484773E1,1.061809103E1,3.000000000E0
3.526007425E2,5.222564560E1,4.560126697E0,-1.868031283E0,3.249630340E1,6.731671749E1,1.132986234E1,3.000000000E0
3.536007487E2,5.222575418E1,4.560583730E0,-2.024545358E0,3.271236097E1,6.773004599E1,1.210319214E1,3.000000000E0
3.546007544E2,5.222587695E1,4.561097443E0,-2.318148553E0,3.343431512E1,6.825406853E1,1.196812904E1,3.000000000E0
3.556007594E2,5.222598038E1,4.561566502E0,-2.987385033E0,3.361896912E1,6.888685765E1,1.301324316E1,3.000000000E0
3.566007652E2,5.222608390E1,4.562005986E0,-2.984609643E0,3.371977317E1,6.924905953E1,1.217291179E1,3.000000000E0
3.576007706E2,5.222618497E1,4.562481253E0,-3.053473976E0,3.395863567E1,7.008642229E1,1.297233464E1,3.000000000E0
3.586007768E2,5.222628748E1,4.563007241E0,-3.022451013E0,3.459426205E1,7.057891387E1,1.345750362E1,3.000000000E0
3.596007818E2,5.222637334E1,4.563495386E0,-2.930651768E0,3.467884253E1,7.120403513E1,1.422681862E1,3.000000000E0
3.606007879E2,5.222644207E1,4.563975069E0,-3.075165561E0,3.469791789E1,7.207323889E1,1.382408007E1,3.000000000E0
3.616007929E2,5.222651762E1,4.564535849E0,-3.229316329E0,3.546792415E1,7.357425240E1,1.242321450E1,3.000000000E0
3.626007996E2,5.222658682E1,4.565063113E0,-2.995259332E0,3.563251520E1,7.443890053E1,1.279000642E1,3.000000000E0
3.636008043E2,5.222663857E1,4.565577223E0,-2.023627040E0,3.551828742E1,7.537331545E1,1.325392449E1,3.000000000E0
3.646008102E2,5.222669939E1,4.566094432E0,-2.536140311E0,3.551541518E1,7.623628864E1,1.364494167E1,3.000000000E0
3.656008158E2,5.222673805E1,4.566673136E0,-1.722636972E0,3.588453950E1,7.760051442E1,1.487605322E1,3.000000000E0
3.666008221E2,5.222659574E1,4.565536659E0,-8.626441276E-1,0.000000000E0,NaN,2.256581073E1,4.000000000E0
3.676008481E2,5.222669917E1,4.566476710E0,-2.713364892E0,3.738000107E1,8.226605348E1,2.272591119E1,4.000000001E0
3.686008333E2,5.222680984E1,4.567096251E0,-3.637864408E0,3.738000107E1,7.910198710E1,2.266668764E1,4.000000001E0
3.696008384E2,5.222680413E1,4.567684211E0,-4.415328527E0,3.766999817E1,8.472699642E1,2.262730307E1,6.000000001E0
3.706008444E2,5.222686011E1,4.568266347E0,-5.528244273E0,3.754999924E1,8.472699504E1,2.277648746E1,6.000000001E0
3.716008492E2,5.222690661E1,4.568834964E0,-5.654585276E0,3.784999847E1,8.367231018E1,2.295774762E1,6.000000001E0
3.726008563E2,5.222693259E1,4.569405747E0,-6.257613390E0,3.772000122E1,8.472699700E1,2.305605612E1,6.000000001E0
3.736008615E2,5.222697207E1,4.569974652E0,-6.752973948E0,3.784999847E1,8.367231018E1,2.315560385E1,6.000000001E0
3.746008666E2,5.222700601E1,4.570547919E0,-7.281415204E0,3.804000091E1,8.402387515E1,2.340265747E1,6.000000001E0
3.756008729E2,5.222704319E1,4.571111110E0,-6.524518231E0,3.804000091E1,8.437543793E1,2.358398745E1,6.000000001E0
3.766008787E2,5.222709796E1,4.571699846E0,-7.261944987E0,3.804000091E1,8.402387515E1,2.370781058E1,6.000000001E0
3.776008841E2,5.222712571E1,4.572262763E0,-7.369855798E0,3.793000030E1,8.472699942E1,2.338372744E1,6.000000001E0
3.786008899E2,5.222718506E1,4.572841192E0,-8.064617909E0,3.811000061E1,8.367231317E1,2.323963708E1,6.000000001E0
3.796008962E2,5.222720020E1,4.573428378E0,-7.815166632E0,3.820999908E1,8.507856538E1,2.314986708E1,6.000000001E0
3.806009014E2,5.222723863E1,4.574002118E0,-7.862713614E0,3.811000061E1,8.402387596E1,2.307573054E1,6.000000001E0
3.816009077E2,5.222725979E1,4.574588048E0,-8.679546515E0,3.820999908E1,8.543012811E1,2.301951773E1,6.000000001E0
3.826009127E2,5.222731742E1,4.575178744E0,-9.439496080E0,3.806999969E1,8.367231271E1,2.286686424E1,6.000000001E0
3.836009194E2,5.222737693E1,4.575773175E0,-9.625711943E0,3.847000122E1,8.296919168E1,2.274290413E1,6.000000001E0
3.846009243E2,5.222739088E1,4.576374388E0,-1.071213773E1,3.847000122E1,8.507856838E1,2.260236977E1,6.000000001E0
3.856009302E2,5.222743520E1,4.576963707E0,-1.148618558E1,3.847000122E1,8.367231731E1,2.254545894E1,6.000000001E0
3.866009364E2,5.222745843E1,4.577549042E0,-1.288786028E1,3.808000183E1,8.507856389E1,2.235892621E1,4.000000001E0
3.876009413E2,5.222750320E1,4.578156093E0,-1.368491424E1,3.877000046E1,8.437544634E1,2.230972882E1,4.000000001E0
3.886009474E2,5.222753644E1,4.578734048E0,-1.478953222E1,3.815000153E1,8.437543920E1,2.224926905E1,4.000000001E0
3.896009524E2,5.222756266E1,4.580022468E0,-3.345501184E0,3.817295991E1,8.429695693E1,1.487605319E1,3.201920601E0
3.906009593E2,5.222758972E1,4.580597911E0,-4.037474615E0,3.837581247E1,8.450326054E1,9.636430891E0,3.000000000E0
3.916009649E2,5.222761318E1,4.581180902E0,-4.904467671E0,3.848938545E1,8.449328425E1,9.366598047E0,3.000000000E0
3.926009707E2,5.222766709E1,4.581803088E0,-5.026702256E0,3.898070135E1,8.439594586E1,9.181325093E0,3.000000000E0
3.936009758E2,5.222770307E1,4.582356115E0,-5.540702776E0,3.875214234E1,8.446180559E1,7.639854140E0,3.000000000E0
3.946009818E2,5.222772680E1,4.582934130E0,-5.314013318E0,3.889742643E1,8.457252332E1,7.893958518E0,3.000000000E0
3.956009874E2,5.222775471E1,4.583512938E0,-5.069466996E0,3.893692413E1,8.446824714E1,1.024944254E1,3.000000000E0
3.966009940E2,5.222778539E1,4.584080629E0,-5.457792052E0,3.895477986E1,8.450214629E1,8.654858826E0,3.000000000E0
3.976009991E2,5.222781510E1,4.584637178E0,-5.126431101E0,3.864348451E1,8.470891899E1,9.259610634E0,3.000000000E0
3.986010050E2,5.222784223E1,4.585182174E0,-5.356235410E0,3.841045634E1,8.480100600E1,9.464463419E0,3.000000000E0
3.996010108E2,5.222786338E1,4.585714135E0,-4.939339462E0,3.822962000E1,8.479151955E1,9.711960802E0,3.000000000E0
4.006010164E2,5.222789851E1,4.586268694E0,-5.004968151E0,3.834493485E1,8.441598848E1,1.005499072E1,3.000000000E0
4.016010221E2,5.222793551E1,4.586826513E0,-4.598725352E0,3.854179521E1,8.423966307E1,1.019740476E1,3.000000000E0
4.026005435E2,5.222816043E1,4.587354063E0,-4.528246689E0,3.824108597E1,8.590426636E1,2.162191627E1,3.000000000E0
4.036005485E2,5.222818537E1,4.587921344E0,-4.604142339E0,3.817904030E1,8.590426636E1,1.934768762E1,3.000000000E0
4.046005588E2,5.222820803E1,4.588438755E0,-4.012378963E0,3.804442907E1,8.596167755E1,1.944165492E1,3.000000000E0
4.056005650E2,5.222823136E1,4.588979958E0,-3.758236238E0,3.792968900E1,8.613732910E1,9.915595914E0,3.000000000E0
4.066005653E2,5.222825425E1,4.589532134E0,-4.053161927E0,3.791998161E1,8.613732910E1,9.834929042E0,3.000000000E0
4.076005708E2,5.222827861E1,4.590072481E0,-3.619797342E0,3.800005210E1,8.492186737E1,1.182235953E1,3.000000000E0
4.086005727E2,5.222831062E1,4.590637333E0,-3.758136262E0,3.789580144E1,8.452433014E1,1.099023744E1,3.000000000E0
4.096005688E2,5.222834872E1,4.591162873E0,-3.416944683E0,3.743705299E1,8.256372070E1,1.196249943E1,3.000000000E0
4.106005704E2,5.222839897E1,4.591734331E0,-3.321479479E0,3.793629443E1,8.113352966E1,1.194179232E1,3.000000000E0
4.116005683E2,5.222845600E1,4.592280803E0,-3.298508636E0,3.774659011E1,8.002414703E1,1.136286558E1,3.000000000E0
4.126005665E2,5.222852444E1,4.592830993E0,-3.324008858E0,3.772585639E1,7.773925018E1,2.339227265E1,3.000000000E0
4.136005683E2,5.222859758E1,4.593368005E0,-3.299121865E0,3.779706049E1,7.719219971E1,2.591436397E1,3.000000000E0
4.146005636E2,5.222867496E1,4.593874339E0,-3.487903016E0,3.753778744E1,7.594693756E1,2.647325376E1,3.000000000E0
4.156005630E2,5.222876205E1,4.594394884E0,-3.602957692E0,3.737550776E1,7.454409027E1,2.805098607E1,3.000000000E0
4.166005628E2,5.222885301E1,4.594895259E0,-3.695177890E0,3.720872699E1,7.198010254E1,3.218700028E1,3.756397429E0
4.176005629E2,5.222895249E1,4.595389572E0,-3.784678671E0,3.687030480E1,7.171467590E1,3.456993563E1,3.000000000E0
4.186005629E2,5.222906140E1,4.595892754E0,-3.938330517E0,3.687489340E1,7.023568726E1,3.964408188E1,3.000000000E0
4.196005630E2,5.222917535E1,4.596394533E0,-3.656352964E0,3.691361213E1,6.911699677E1,4.303382069E1,3.000000000E0
4.206005639E2,5.222928868E1,4.596875989E0,-3.655539485E0,3.652043029E1,6.898378754E1,4.611820700E1,3.000000000E0
4.216005642E2,5.222941115E1,4.597389648E0,-3.497442756E0,3.688228856E1,6.851646423E1,4.666951415E1,3.000000000E0
4.226005656E2,5.222953429E1,4.597899184E0,-3.498666575E0,3.726591647E1,6.851646423E1,4.717246071E1,3.000000000E0
4.236005666E2,5.222963243E1,4.598399273E0,-3.749230534E0,3.697525858E1,6.909068298E1,4.436333213E1,3.000000000E0
4.246005676E2,5.222975884E1,4.598895463E0,-3.811725658E0,3.672091041E1,6.959062958E1,4.485434443E1,3.000000000E0
4.256005692E2,5.222988652E1,4.599427229E0,-3.632490135E0,3.663432237E1,7.093800354E1,4.484604475E1,3.000000000E0
4.266005716E2,5.222999308E1,4.599945285E0,-3.189593450E0,3.672630070E1,7.247390747E1,4.109332804E1,3.000000000E0
4.276005739E2,5.223008906E1,4.600450215E0,-3.197144955E0,3.634961969E1,7.306442261E1,3.613723409E1,3.000000000E0
4.286005754E2,5.223018021E1,4.600980662E0,-3.655380958E0,3.642468603E1,7.494833374E1,3.111133941E1,3.000000000E0
4.296005790E2,5.223026074E1,4.601492802E0,-3.028024404E0,3.658373246E1,7.591758728E1,2.326758368E1,3.000000000E0
4.306005815E2,5.223033608E1,4.602027110E0,-3.704138435E0,3.682594780E1,7.787477112E1,9.381890517E0,3.000000000E0
4.316005840E2,5.223040015E1,4.602530911E0,-3.730635240E0,3.682845424E1,7.927358246E1,1.015791962E1,3.000000000E0
4.326005874E2,5.223051702E1,4.603023444E0,-3.759830787E0,3.682909294E1,7.927358246E1,1.247231936E1,3.000000000E0
4.336226382E2,5.223066682E1,4.603517395E0,-3.913534637E0,3.682909382E1,7.927358246E1,1.386162326E1,3.000000000E0
4.346253232E2,5.223081464E1,4.604001890E0,-3.631038981E0,3.683102287E1,6.370437395E1,1.756516853E1,3.000000000E0
4.356241286E2,5.223096236E1,4.604484383E0,-3.030530985E0,3.683394878E1,6.368689355E1,2.161463815E1,3.000000000E0
4.366006002E2,5.223112283E1,4.604882983E0,-3.045760164E0,3.601142269E1,6.224319524E1,2.518727082E1,3.000000000E0
4.376006041E2,5.223130182E1,4.605428497E0,-3.344797832E0,3.720252292E1,6.183578729E1,2.068696421E1,3.000000000E0
4.386006079E2,5.223156350E1,4.605783541E0,-3.618865003E0,3.700482682E1,5.778036028E1,1.862180236E1,3.000000000E0
4.396006109E2,5.223177482E1,4.606118447E0,-3.128587079E0,3.687033329E1,5.622239309E1,1.715994194E1,3.000000000E0
4.406006153E2,5.223204792E1,4.606552288E0,-3.285324312E0,3.713464157E1,5.374224836E1,1.506547862E1,3.000000000E0
4.416006197E2,5.223229317E1,4.606978366E0,-3.227717789E0,3.744036242E1,5.235001588E1,1.430208455E1,3.000000000E0
4.426006230E2,5.223251293E1,4.607415608E0,-3.295149487E0,3.767345659E1,5.193074294E1,1.432239740E1,3.000000000E0
4.436006271E2,5.223278122E1,4.607855770E0,-3.345197612E0,3.880099528E1,5.092023923E1,1.385412464E1,3.000000000E0
4.446006316E2,5.223302111E1,4.608305489E0,-3.357355051E0,3.887057294E1,4.980530605E1,1.304275568E1,3.000000000E0
4.456006355E2,5.223324201E1,4.608739260E0,-3.186459287E0,3.878432269E1,4.891271448E1,1.216571922E1,3.000000000E0
4.466006390E2,5.223348448E1,4.609158069E0,-3.457361440E0,3.859723215E1,4.792467733E1,1.150955394E1,3.000000000E0
4.476006438E2,5.223373458E1,4.609558404E0,-3.447002912E0,3.869106849E1,4.656535812E1,1.175567928E1,3.000000000E0
4.486006485E2,5.223401437E1,4.609927054E0,-3.351523361E0,3.876340138E1,4.526868009E1,1.191099505E1,3.000000000E0
4.496006527E2,5.223424725E1,4.610275738E0,-2.773023693E0,3.806446220E1,4.402026119E1,1.337252802E1,3.000000000E0
4.506006577E2,5.223451327E1,4.610663512E0,-3.192696383E0,3.844455724E1,4.316751353E1,1.272788800E1,3.000000000E0
4.516006618E2,5.223476730E1,4.611030481E0,-4.023799614E0,3.824000395E1,4.258058976E1,1.260201800E1,3.000000000E0
4.526006665E2,5.223504634E1,4.611384225E0,-3.668259349E0,3.835281397E1,4.176591127E1,1.248325231E1,3.000000000E0
4.536006715E2,5.223530954E1,4.611754262E0,-3.632845902E0,3.850375169E1,4.165943687E1,1.244726159E1,3.000000000E0
4.546006756E2,5.223556171E1,4.612100352E0,-3.081755309E0,3.811897216E1,4.143031729E1,1.173558456E1,3.000000000E0
4.556006802E2,5.223581937E1,4.612449063E0,-2.647223740E0,3.790615961E1,4.133576083E1,1.169326795E1,3.000000000E0
4.566006851E2,5.223606270E1,4.612791506E0,-2.566779873E0,3.757657498E1,4.128331573E1,1.113613408E1,3.000000000E0
4.576006904E2,5.223632084E1,4.613183422E0,-2.287556219E0,3.774154868E1,4.134552890E1,1.090008108E1,3.000000000E0
4.586006944E2,5.223657235E1,4.613573506E0,-1.710597038E0,3.765415269E1,4.150365362E1,1.114209050E1,3.000000000E0
4.596006989E2,5.223682396E1,4.613905111E0,-1.198776676E0,3.732210203E1,4.098917997E1,1.066406525E1,3.000000000E0
4.606007044E2,5.223706972E1,4.614300863E0,-1.277966666E0,3.746419783E1,4.145125552E1,1.084689191E1,3.000000000E0
4.616007091E2,5.223731470E1,4.614619595E0,-1.184333764E0,3.703347711E1,4.109988422E1,1.142986507E1,3.000000000E0
4.626007135E2,5.223756218E1,4.614964493E0,-1.506950796E0,3.698132753E1,4.108115555E1,1.255015486E1,3.000000000E0
4.636007187E2,5.223781617E1,4.615309415E0,-1.360954316E0,3.700535396E1,4.089038906E1,1.456503627E1,3.000000000E0
4.646007233E2,5.223806214E1,4.615633149E0,-1.474580168E0,3.687133468E1,4.075420664E1,1.396772330E1,3.000000000E0
4.656007284E2,5.223830947E1,4.615984998E0,-8.961052643E-1,3.679332240E1,4.068555875E1,1.496520696E1,3.000000000E0
4.666007338E2,5.223854099E1,4.616340014E0,-1.606659353E0,3.655183663E1,4.113771300E1,1.528000188E1,3.000000000E0
4.676007386E2,5.223879167E1,4.616682741E0,-1.751274257E0,3.654031455E1,4.075914817E1,1.508605736E1,3.000000000E0
4.686007433E2,5.223903238E1,4.617042633E0,-1.213201340E0,3.646050420E1,4.105671717E1,1.542280560E1,3.000000000E0
4.696007482E2,5.223926995E1,4.617383746E0,-2.459278592E0,3.627693498E1,4.132201370E1,1.483459610E1,3.000000000E0
4.706007532E2,5.223952763E1,4.617761418E0,-3.075656119E0,3.664063611E1,4.138330106E1,1.382212703E1,3.000000000E0
4.716007584E2,5.223974543E1,4.618110888E0,-4.186605820E0,3.651888028E1,4.156999116E1,1.371577538E1,3.000000000E0
4.726007631E2,5.223999445E1,4.618467829E0,-4.459337317E0,3.661023641E1,4.165780534E1,1.450944956E1,3.000000000E0
4.736007683E2,5.224025729E1,4.618832653E0,-4.673942205E0,3.673753203E1,4.147433496E1,1.535592117E1,3.000000000E0
4.746007725E2,5.224049985E1,4.619177867E0,-4.944835283E0,3.662532528E1,4.136775541E1,1.654048576E1,3.000000000E0
4.756007783E2,5.224075270E1,4.619604371E0,-5.045986447E0,3.690444628E1,4.199092486E1,1.715937106E1,3.000000000E0
4.766007832E2,5.224099595E1,4.619969398E0,-6.720483222E0,3.684446645E1,4.208023975E1,1.750943757E1,3.000000000E0
4.776007878E2,5.224126519E1,4.620326333E0,-6.635172796E0,3.712666034E1,4.174542085E1,1.803270580E1,3.000000000E0
4.786007935E2,5.224152190E1,4.620699043E0,-4.825897417E0,3.731098117E1,4.171561496E1,1.867758482E1,3.000000000E0
4.796007980E2,5.224177014E1,4.621077750E0,-7.006360536E0,3.732706316E1,4.182396580E1,1.987919503E1,3.000000000E0
4.806008033E2,5.224201506E1,4.621454962E0,-6.041653492E0,3.731891959E1,4.191513043E1,2.112381908E1,3.000000000E0
4.816008084E2,5.224227575E1,4.621819365E0,-5.637326313E0,3.750649390E1,4.174304799E1,2.024637753E1,3.000000000E0
4.826008132E2,5.224252343E1,4.622148485E0,-4.729409080E0,3.741501685E1,4.133285672E1,1.945359128E1,3.000000000E0
4.836008184E2,5.224276753E1,4.622515287E0,-5.341662730E0,3.750278909E1,4.154427477E1,1.812707181E1,3.000000000E0
4.846008234E2,5.224302045E1,4.622877122E0,-4.760615379E0,3.747480661E1,4.156331666E1,1.891312390E1,3.000000000E0
4.856008290E2,5.224328569E1,4.623227381E0,-5.086619049E0,3.759431394E1,4.128499321E1,1.882857894E1,3.000000000E0
4.866008335E2,5.224362741E1,4.623594413E0,-4.747325940E0,3.890226536E1,3.978422688E1,1.553231438E1,3.000000000E0
4.876008389E2,5.224389222E1,4.623948758E0,-4.658608663E0,3.876580165E1,4.001759844E1,1.455878173E1,3.000000000E0
4.886008434E2,5.224414286E1,4.624306986E0,-3.895016585E0,3.862214549E1,4.034646722E1,1.439501413E1,3.000000000E0
4.896008486E2,5.224439153E1,4.624704240E0,-4.800786434E0,3.859148530E1,4.097253222E1,1.399238448E1,3.000000000E0
4.906008540E2,5.224465479E1,4.625074461E0,-4.358225632E0,3.857817797E1,4.098078055E1,1.525243892E1,3.000000000E0
4.916008593E2,5.224490585E1,4.625429474E0,-3.911519380E0,3.839793806E1,4.101647339E1,1.567756972E1,3.000000000E0
4.926008635E2,5.224515243E1,4.625790775E0,-4.192882993E0,3.819585658E1,4.123147103E1,1.674051260E1,3.000000000E0
4.936008689E2,5.224541246E1,4.626186648E0,-3.860873437E0,3.834923766E1,4.162802870E1,1.653398886E1,3.000000000E0
4.946008739E2,5.224565306E1,4.626543925E0,-3.957252109E0,3.805435827E1,4.176397275E1,1.650655118E1,3.000000000E0
4.956008790E2,5.224589364E1,4.626858696E0,-3.295472518E0,3.759988597E1,4.143920558E1,1.549263217E1,3.000000000E0
4.966008840E2,5.224613662E1,4.627202315E0,-3.500954304E0,3.736157004E1,4.148278901E1,1.445651739E1,3.000000000E0
4.976008892E2,5.224639609E1,4.627523202E0,-3.500701086E0,3.716978009E1,4.109562792E1,1.453938249E1,3.000000000E0
4.986008946E2,5.224663827E1,4.627866855E0,-3.598167423E0,3.709797704E1,4.111301508E1,1.516622356E1,3.000000000E0
4.996008996E2,5.224689369E1,4.628208348E0,-4.043081739E0,3.696070110E1,4.095330511E1,1.588989782E1,3.000000000E0
5.006009054E2,5.224714658E1,4.628563492E0,-4.202190846E0,3.698745455E1,4.092324704E1,1.564414755E1,3.000000000E0
5.016009104E2,5.224739812E1,4.628908237E0,-3.582309632E0,3.700364391E1,4.074354979E1,1.663447552E1,3.000000000E0
5.026009146E2,5.224766591E1,4.629270324E0,-3.409367104E0,3.708302009E1,4.075760108E1,1.663410231E1,3.000000000E0
5.036009195E2,5.224794973E1,4.629701727E0,-3.294650985E0,3.747239797E1,4.096145724E1,1.594322780E1,3.000000000E0
5.046009251E2,5.224820791E1,4.630084632E0,-3.703113671E0,3.745341551E1,4.134712120E1,1.636566398E1,3.000000000E0
5.056009302E2,5.224845652E1,4.630432106E0,-2.703504428E0,3.723281160E1,4.128051899E1,1.606863043E1,3.000000000E0
5.066009349E2,5.224869799E1,4.630784418E0,-4.168582850E0,3.701689991E1,4.144534708E1,1.622932943E1,3.000000000E0
5.076009407E2,5.224893419E1,4.631140099E0,-2.472507926E0,3.693710566E1,4.146216375E1,1.664973502E1,3.000000000E0
5.086009457E2,5.224916764E1,4.631491991E0,-3.186071439E0,3.675557809E1,4.167397847E1,1.675461040E1,3.000000000E0
5.096009510E2,5.224942349E1,4.631882535E0,-3.025073656E0,3.695474562E1,4.178314315E1,1.613701378E1,3.000000000E0
5.106009564E2,5.224967043E1,4.632212661E0,-2.688282511E0,3.672600807E1,4.149178894E1,1.627059124E1,3.000000000E0
5.116009612E2,5.224988814E1,4.632522403E0,-3.063148166E0,3.611724192E1,4.172278955E1,1.635525233E1,3.000000000E0
5.126009662E2,5.225012718E1,4.632869381E0,-2.969428656E0,3.611815865E1,4.174760069E1,1.561447751E1,3.000000000E0
5.136009715E2,5.225038430E1,4.633283023E0,-2.616539617E0,3.630529026E1,4.195872319E1,1.519594383E1,3.000000000E0
5.146009769E2,5.225061606E1,4.633631441E0,-3.662443510E0,3.605628338E1,4.164457295E1,1.509488109E1,3.000000000E0
5.156009809E2,5.225085892E1,4.633984633E0,-2.627217044E0,3.609994929E1,4.164396017E1,1.643329342E1,3.000000000E0
5.166009865E2,5.225109992E1,4.634327983E0,-2.923255832E0,3.599736862E1,4.161958651E1,1.754744516E1,3.000000000E0
5.176009918E2,5.225132571E1,4.634676260E0,-2.961743818E0,3.575488098E1,4.181075434E1,1.727921980E1,3.000000000E0
5.186009973E2,5.225156286E1,4.634989997E0,-2.944970425E0,3.548971621E1,4.163229370E1,1.813090027E1,3.000000000E0
5.196010025E2,5.225175898E1,4.635268177E0,-3.525411635E0,3.465270955E1,4.189446257E1,1.651433391E1,3.000000000E0
5.206010075E2,5.225197435E1,4.635570059E0,-3.539861754E0,3.427985833E1,4.181851024E1,1.545315738E1,3.000000000E0
5.216010122E2,5.225218068E1,4.635875639E0,-2.106490577E0,3.384383347E1,4.172766705E1,1.523692500E1,3.000000000E0
5.226010171E2,5.225241584E1,4.636134150E0,-2.594763207E0,3.344917733E1,4.108707653E1,1.474908972E1,3.000000000E0
5.236010228E2,5.225260544E1,4.636422325E0,-2.684407475E0,3.276358023E1,4.114713576E1,1.405839262E1,3.000000000E0
5.246010282E2,5.225279938E1,4.636709026E0,-2.936560730E0,3.225062280E1,4.133871464E1,1.438364883E1,3.000000000E0
5.256010334E2,5.225298274E1,4.637006751E0,-3.176280905E0,3.172073591E1,4.167945684E1,1.430492645E1,3.000000000E0
5.266010383E2,5.225317451E1,4.637294747E0,-3.077107256E0,3.147503088E1,4.186215043E1,1.438005200E1,3.000000000E0
5.276010431E2,5.225336612E1,4.637585222E0,-3.146813917E0,3.112388245E1,4.186295579E1,1.403037408E1,3.000000000E0
5.286008008E2,5.225356520E1,4.637872840E0,-3.097505664E0,3.080152956E1,4.169018547E1,1.370924996E1,3.000000000E0
5.296007973E2,5.225374893E1,4.638148184E0,-3.023064505E0,3.039152536E1,4.181523033E1,1.410595316E1,3.000000000E0
5.306007998E2,5.225393564E1,4.638414501E0,-2.733126311E0,2.985074231E1,4.170017496E1,1.348820530E1,3.000000000E0
5.316007962E2,5.225411267E1,4.638707341E0,-2.581422005E0,2.936410736E1,4.215499344E1,1.350959130E1,3.000000000E0
5.326007870E2,5.225428008E1,4.638933901E0,-3.140437429E0,2.851927081E1,4.205601544E1,1.319972313E1,3.000000000E0
5.336007799E2,5.225444848E1,4.639155319E0,-2.962214462E0,2.791321001E1,4.184887526E1,1.319988931E1,3.000000000E0
5.346007680E2,5.225461617E1,4.639345321E0,-2.353975814E0,2.721317220E1,4.111270822E1,1.319706505E1,3.000000000E0
5.356007587E2,5.225478668E1,4.639593127E0,-2.519910941E0,2.683182495E1,4.145026549E1,1.385477748E1,3.000000000E0
5.366007534E2,5.225495966E1,4.639773871E0,-2.588985122E0,2.609172656E1,4.096180093E1,1.342930845E1,3.000000000E0
5.376007454E2,5.225509921E1,4.639999338E0,-3.203497162E0,2.539788796E1,4.162788573E1,1.323091244E1,3.000000000E0
5.386007380E2,5.225523460E1,4.640215105E0,-2.569083294E0,2.467740892E1,4.234820859E1,1.316044512E1,3.000000000E0
5.396007324E2,5.225538339E1,4.640438682E0,-2.184275156E0,2.418237967E1,4.268825942E1,1.321492613E1,3.000000000E0
5.406007227E2,5.225552706E1,4.640645280E0,-1.688386193E0,2.369915394E1,4.250515331E1,1.347125431E1,3.000000000E0
5.416007166E2,5.225567578E1,4.640855055E0,-1.647028007E0,2.319766455E1,4.262672497E1,1.393136221E1,3.000000000E0
5.426007123E2,5.225581799E1,4.641067876E0,-1.658997568E0,2.277597839E1,4.292773510E1,1.448030215E1,3.000000000E0
5.436007086E2,5.225594249E1,4.641206806E0,-1.027734426E0,2.192277011E1,4.209634091E1,1.389840426E1,3.000000000E0
5.446007046E2,5.225606915E1,4.641358294E0,-3.520594295E-1,2.112806216E1,4.150757737E1,1.336276008E1,3.000000000E0
5.456007015E2,5.225619586E1,4.641530905E0,-4.190532938E-1,2.046507711E1,4.147435579E1,1.322809010E1,3.000000000E0
5.466006989E2,5.225632325E1,4.641691211E0,1.454515401E-1,1.988367816E1,4.125711926E1,1.254109240E1,3.000000000E0
5.476006964E2,5.225640867E1,4.641784226E0,-5.516993878E-1,1.875567295E1,4.127659803E1,1.179064700E1,3.000000000E0
5.486006956E2,5.225652448E1,4.641948675E0,-1.062649849E0,1.842161557E1,4.162271499E1,1.203039507E1,3.000000000E0
5.496006938E2,5.225662921E1,4.642087396E0,-1.634350485E0,1.796366361E1,4.218227966E1,1.228886469E1,3.000000000E0
5.506006927E2,5.225673363E1,4.642252380E0,-1.337415288E0,1.753353075E1,4.279313520E1,1.277220573E1,3.000000000E0
5.546006918E2,5.225709955E1,4.642756341E0,-1.186200839E0,1.494486975E1,4.299818204E1,1.281676818E1,3.000000000E0
5.556006917E2,5.225718557E1,4.642909794E0,-1.277805255E0,1.458507334E1,4.434691993E1,1.275916362E1,3.000000000E0
5.566006922E2,5.225727437E1,4.643065555E0,-1.339543969E0,1.434195534E1,4.475372464E1,1.278707830E1,3.000000000E0
5.576006933E2,5.225737209E1,4.643256195E0,-6.603233013E-1,1.448593644E1,4.491336997E1,1.259862266E1,3.000000000E0
5.586006941E2,5.225744441E1,4.643388158E0,-7.884683153E-1,1.410812750E1,4.487526630E1,1.291239933E1,3.000000000E0
5.596006951E2,5.225753153E1,4.643495557E0,-8.157657292E-1,1.367360540E1,4.431231261E1,1.313912479E1,3.000000000E0
5.606006964E2,5.225762009E1,4.643627256E0,-8.872977914E-1,1.332332388E1,4.394700664E1,1.279478091E1,3.000000000E0
5.616006985E2,5.225770069E1,4.643755412E0,-1.035306727E0,1.309417570E1,4.386210665E1,1.378929008E1,3.000000000E0
5.626007001E2,5.225776741E1,4.643847214E0,-1.202069490E0,1.244360169E1,4.351330437E1,1.449257940E1,3.000000000E0
5.636007019E2,5.225783386E1,4.643939014E0,-8.800168214E-1,1.203288338E1,4.249467444E1,1.487280555E1,3.000000000E0
5.646007042E2,5.225789099E1,4.644043499E0,-1.021647960E0,1.161173639E1,4.221332331E1,1.545401837E1,3.000000000E0
5.656007059E2,5.225796050E1,4.644150055E0,-8.907503635E-1,1.142118100E1,4.255964801E1,1.620550731E1,3.000000000E0
5.666007077E2,5.225803064E1,4.644252913E0,-8.824380757E-1,1.116108089E1,4.279340585E1,1.719011833E1,3.000000000E0
5.676007106E2,5.225811034E1,4.644404737E0,-1.102331677E0,1.111804954E1,4.381230606E1,1.674076114E1,3.000000000E0
5.686007123E2,5.225816363E1,4.644466852E0,-1.050127067E0,1.061350427E1,4.369102392E1,1.751146767E1,3.000000000E0
5.696007152E2,5.225824235E1,4.644556891E0,-8.057246087E-1,1.058191261E1,4.290320622E1,1.868234714E1,3.000000000E0
5.706007184E2,5.225828990E1,4.644644756E0,-7.310902616E-1,1.030666474E1,4.336377629E1,1.980624616E1,3.000000000E0
5.716007209E2,5.225834453E1,4.644741095E0,-1.005255025E0,1.014293636E1,4.377322425E1,2.121867760E1,3.000000000E0
5.726007241E2,5.225840103E1,4.644806878E0,-8.183336752E-1,9.855216359E0,4.335155461E1,2.261959429E1,3.000000000E0
5.736007267E2,5.225843758E1,4.644889190E0,-6.625345089E-1,9.476138163E0,4.420320337E1,2.388588766E1,3.000000000E0
5.746007299E2,5.225845893E1,4.644897513E0,-8.633150226E-1,8.650788731E0,4.306428077E1,2.147862464E1,3.000000000E0
5.756007320E2,5.225848628E1,4.644945473E0,-6.526780110E-1,8.175989100E0,4.324938886E1,1.980499329E1,3.000000000E0
5.766007363E2,5.225854064E1,4.644976839E0,-1.105063469E0,7.798941064E0,4.153131654E1,1.854449421E1,3.000000000E0
5.776007388E2,5.225860848E1,4.645057675E0,-1.129212028E0,7.835719615E0,4.135564358E1,1.864342873E1,3.000000000E0
5.786007421E2,5.225860143E1,4.645147202E0,-1.116615486E0,6.826053911E0,4.311009664E1,1.484329822E1,3.000000000E0
5.796007460E2,5.225861862E1,4.645196466E0,-9.666547365E-1,6.269422073E0,4.375549126E1,1.410379275E1,3.000000000E0
5.806007493E2,5.225863863E1,4.645210756E0,-1.109023079E0,5.632892830E0,4.312568145E1,1.309230903E1,3.000000000E0
5.816007525E2,5.225863523E1,4.645190441E0,-9.458661200E-1,5.049017147E0,4.252146327E1,1.181957171E1,3.000000000E0
5.826007558E2,5.225856318E1,4.645405931E0,-6.494727936E-1,4.662933261E0,4.182855606E1,1.763255538E1,3.000000000E0
5.836007595E2,5.225858023E1,4.645430789E0,-4.001377057E-1,4.408484389E0,4.182855606E1,1.930349902E1,3.000000000E0
5.846007628E2,5.225861506E1,4.645481597E0,-7.419916661E-1,4.339580464E0,4.182855606E1,2.216078777E1,3.000000000E0
5.856007668E2,5.225860691E1,4.645474791E0,-5.562380841E-1,3.805256690E0,4.754644394E1,2.258111444E1,3.000000000E0
5.866007706E2,5.225861520E1,4.645489547E0,-5.685136467E-1,3.280614774E0,4.754644394E1,2.223242445E1,3.000000000E0
5.876007739E2,5.225861590E1,4.645490794E0,-1.468278877E-1,2.410772231E0,4.754644394E1,2.465843071E1,3.000000000E0
5.886007770E2,5.225863159E1,4.645518749E0,-5.175526589E-1,1.756839015E0,4.754644394E1,2.429123725E1,3.000000000E0
5.896007806E2,5.225862559E1,4.645508065E0,-1.803895956E0,1.001652816E0,4.754644394E1,2.375855417E1,3.000000000E0
5.906007848E2,5.225875389E1,4.645265597E0,-1.860930513E0,3.788418049E-1,3.113206482E2,6.337053935E0,3.000000000E0
5.916007886E2,5.225875343E1,4.645275447E0,-2.207457773E0,3.451019448E-1,3.113206482E2,6.295605932E0,3.000000000E0
5.926007921E2,5.225875459E1,4.645267680E0,-1.133332858E0,4.839135712E-2,3.102039490E2,6.670280903E0,3.000000000E0
5.936007959E2,5.225876453E1,4.645266484E0,9.390240442E-1,6.316330517E-1,3.102039490E2,6.967037996E0,3.000000000E0
5.946008002E2,5.225876960E1,4.645244757E0,8.511142671E0,3.167264827E0,3.155262146E2,7.150045348E0,3.000000000E0
5.956008036E2,5.225877851E1,4.645256984E0,1.147049156E1,3.149933714E0,3.104989319E2,7.185682463E0,3.000000000E0
5.966008067E2,5.225879053E1,4.645278679E0,7.438406364E0,7.919870197E-1,3.104989319E2,6.565316279E0,3.000000000E0
5.976008116E2,5.225878014E1,4.645231334E0,6.169564574E0,7.296224097E-2,3.104989319E2,6.439046798E0,3.000000000E0
5.986008154E2,5.225879026E1,4.645219703E0,6.519546989E0,1.389444364E-1,3.110780334E2,6.130781103E0,3.000000000E0
5.996008185E2,5.225879011E1,4.645219700E0,6.390670091E0,0.000000000E0,3.110780334E2,5.696291571E0,3.000000000E0
6.006008224E2,5.225879011E1,4.645219700E0,6.390670091E0,0.000000000E0,3.110780334E2,5.532313301E0,3.000000000E0
6.016008259E2,5.225879011E1,4.645219700E0,6.390670091E0,0.000000000E0,3.110780334E2,5.706990440E0,3.000000000E0
6.026008303E2,5.225879011E1,4.645219700E0,6.390670091E0,0.000000000E0,3.110780334E2,5.724277933E0,3.000000000E0
6.036008347E2,5.225879011E1,4.645219700E0,6.390670091E0,0.000000000E0,3.102039490E2,5.835828172E0,3.238641630E0
6.046008387E2,5.225879011E1,4.645219700E0,6.390670091E0,0.000000000E0,3.102039490E2,5.925026913E0,3.438093619E0
6.056008427E2,5.225879011E1,4.645219700E0,6.390670091E0,0.000000000E0,3.108722534E2,5.992847841E0,3.673795198E0
6.066008464E2,5.225879011E1,4.645219700E0,6.390670091E0,0.000000000E0,3.108722534E2,5.905902930E0,3.661622574E0
6.076008501E2,5.225879011E1,4.645219700E0,6.390670091E0,0.000000000E0,3.108722534E2,6.009952830E0,3.752987316E0
6.086008539E2,5.225879011E1,4.645219700E0,6.390670091E0,0.000000000E0,3.108722534E2,6.150516145E0,3.847745016E0
6.096008587E2,5.225879011E1,4.645219700E0,6.390670091E0,0.000000000E0,3.108722534E2,6.189295861E0,3.899715394E0
6.106008627E2,5.225879011E1,4.645219700E0,6.390670091E0,0.000000000E0,3.108722534E2,6.163752062E0,3.909438937E0
6.116008666E2,5.225879011E1,4.645219700E0,6.390670091E0,0.000000000E0,3.108722534E2,6.040803153E0,3.854678439E0
6.126008701E2,5.225879011E1,4.645219700E0,6.390670091E0,0.000000000E0,3.108722534E2,6.222643886E0,3.999649774E0
6.136008747E2,5.225879011E1,4.645219700E0,6.390670091E0,0.000000000E0,3.108722534E2,6.202561338E0,4.037779448E0